{"cameraMode":{"drawMode":0,"name":"Shaded","section":"Shading Mode"},"sceneLighting":true,"audioPlay":false,"sceneViewState":{"m_AlwaysRefresh":false,"showFog":true,"showSkybox":true,"showFlares":true,"showImageEffects":true,"showParticleSystems":true,"showVisualEffectGraphs":true,"m_FxEnabled":true},"in2DMode":false,"pivot":{"x":0.3158613443374634,"y":4.956154823303223,"z":3.650181770324707},"rotation":{"x":0.021441848948597909,"y":-0.9298884272575378,"z":0.3631433844566345,"w":0.054998625069856647},"size":3.2427213191986086,"orthographic":false}